{
  "CVE-2002-1910": 0.02573,
  "CVE-2002-1872": 0.01171,
  "CVE-2002-1850": 0.02915,
  "CVE-2002-1844": 0.00491,
  "CVE-2002-1810": 0.00837,
  "CVE-2002-1800": 0.00441,
  "CVE-2002-1796": 0.00108,
  "CVE-2002-1745": 0.10167,
  "CVE-2002-1721": 0.01414,
  "CVE-2002-1706": 0.00363,
  "CVE-2002-1697": 0.00377,
  "CVE-2002-1657": 0.00679,
  "CVE-2002-1372": 0.07332,
  "CVE-2002-0969": 0.00103,
  "CVE-2002-0844": 0.0007,
  "CVE-2002-0704": 0.01084,
  "CVE-2002-0653": 0.0102,
  "CVE-2002-0485": 0.0048,
  "CVE-2002-0401": 0.07736,
  "CVE-2002-0367": 0.01228,
  "CVE-2002-0184": 0.00212,
  "CVE-2002-0051": 0.00831,
  "CVE-2001-1546": 0.00106,
  "CVE-2001-1537": 0.00204,
  "CVE-2001-1536": 0.00765,
  "CVE-2001-1515": 0.00888,
  "CVE-2001-1471": 0.01172,
  "CVE-2001-1452": 0.04026,
  "CVE-2001-1386": 0.00729,
  "CVE-2001-1238": 0.00514,
  "CVE-2001-1043": 0.01806,
  "CVE-2001-1042": 0.01581,
  "CVE-2001-0950": 0.01629,
  "CVE-2001-0830": 0.0896,
  "CVE-2001-0795": 0.00731,
  "CVE-2001-0497": 0.00107,
  "CVE-2001-0334": 0.30559,
  "CVE-2001-0195": 0.00083,
  "CVE-2001-0006": 0.00128,
  "CVE-2000-0499": 0.01411,
  "CVE-2000-0498": 0.01619,
  "CVE-2000-0497": 0.00729,
  "CVE-2000-0342": 0.0255,
  "CVE-2000-0258": 0.20309,
  "CVE-1999-1568": 0.01414,
  "CVE-1999-1549": 0.0021,
  "CVE-1999-1152": 0.00717,
  "CVE-1999-1127": 0.3003,
  "CVE-1999-0239": 0.04098,
  "CVE-1999-0236": 0.17642
}